stationName	subwayLine	location	latitude	longitude
가능역	1호선		37.748577	127.044213
가락시장역	3호선, 8호선		37.492245	127.117757
가산디지털단지역	1호선, 7호선		37.481581	126.882581
가양역	9호선		37.561391	126.854456
간석역	1호선		37.464737	126.694181
강남역	2호선		37.49799	127.027912
강남구청역	7호선		37.517179	127.041255
강동역	5호선		37.535804	127.132481
강동구청역	8호선		37.530341	127.120508
강변역	2호선		37.535095	127.094681
강일역	5호선		37.55749	127.17593
개롱역	5호선		37.498079	127.13482
개봉역	1호선		37.494594	126.85968
개화역	9호선		37.578608	126.798153
개화산역	5호선		37.572399	126.806171
거여역	5호선		37.493105	127.14415
건대입구역	2호선, 7호선		37.540373	127.069191
경마공원역	4호선		37.443885	127.007888
경복궁역	3호선		37.575762	126.97353
경찰병원역	3호선		37.495918	127.12454
고덕역	5호선		37.555004	127.154151
고려대역	6호선		37.590508	127.036296
고속터미널역	3호선, 7호선, 9호선		37.504891	127.004916
고잔역	4호선		37.316784	126.823144
공덕역	5호선, 6호선		37.544431	126.951372
공릉역	7호선		37.625742	127.072896
공항시장역	9호선		37.563726	126.810678
과천역	4호선		37.433021	126.996568
관악역	1호선		37.419232	126.908706
광나루역	5호선		37.545303	127.10357
광명역	1호선		37.416182	126.884466
광명사거리역	7호선		37.479252	126.854876
광운대역	1호선		37.623632	127.061835
광화문역	5호선		37.571525	126.97717
광흥창역	6호선		37.547456	126.931993
교대역	2호선, 3호선		37.493961	127.014667
구로역	1호선		37.503039	126.881966
구로디지털단지역	2호선		37.485266	126.901401
구리역	8호선		37.60262	127.1407
구반포역	9호선		37.501364	126.987332
구산역	6호선		37.611377	126.91727
구의역	2호선		37.537077	127.085916
구일역	1호선		37.496756	126.870793
구파발역	3호선		37.636763	126.918821
국회의사당역	9호선		37.528105	126.917874
군자역	5호선, 7호선		37.557088	127.079577
군포역	1호선		37.35356	126.948462
굴포천역	7호선		37.506997	126.73128
굽은다리역	5호선		37.545477	127.142853
금정역	1호선, 4호선		37.372221	126.943429
금천구청역	1호선		37.455626	126.89398
금호역	3호선		37.548034	127.015872
길동역	5호선		37.537801	127.140004
길음역	4호선		37.603407	127.025053
김포공항역	5호선, 9호선		37.562384	126.801292
까치산역	5호선		37.531768	126.846683
까치울역	7호선		37.506207	126.810939
낙성대역	2호선		37.47693	126.963693
남구로역	7호선		37.486056	126.887249
남부터미널역	3호선		37.485013	127.016189
남성역	7호선		37.484596	126.971251
남영역	1호선		37.541021	126.9713
남위례역	8호선		37.4624	127.13977
남태령역	4호선		37.463873	126.989134
남한산성입구역	8호선		37.451535	127.159816
내방역	7호선		37.487618	126.993513
노들역	9호선		37.512887	126.953222
노량진역	1호선, 9호선		37.514149	126.94271
노원역	4호선, 7호선		37.65627	127.063276
녹번역	3호선		37.600927	126.935756
녹사평역	6호선		37.534675	126.986695
녹양역	1호선		37.75938	127.042292
녹천역	1호선		37.644799	127.051269
논현역	7호선		37.511093	127.021415
다산역	8호선		37.62429	127.14973
단대오거리역	8호선		37.44521	127.156866
답십리역	5호선		37.566747	127.052704
당산역	2호선, 9호선		37.534946	126.902767
당정역	1호선		37.344285	126.948345
대곡역	3호선		37.631626	126.811024
대공원역	4호선		37.435675	127.006523
대림역	2호선, 7호선		37.493243	126.894932
대방역	1호선		37.513342	126.926382
대야미역	4호선		37.328467	126.917332
대청역	3호선		37.493514	127.079532
대치역	3호선		37.494612	127.063642
대화역	3호선		37.676087	126.747569
대흥역	6호선		37.547771	126.942069
덕계역	1호선		37.818486	127.056486
덕정역	1호선		37.843188	127.061277
도곡역	3호선		37.490922	127.055452
도림천역	2호선		37.514287	126.882768
도봉역	1호선		37.679563	127.045595
도봉산역	1호선, 7호선		37.689534	127.046049
도원역	1호선		37.468446	126.642706
도화역	1호선		37.46607	126.668672
독립문역	3호선		37.574571	126.957748
독바위역	6호선		37.618456	126.933031
독산역	1호선		37.466613	126.889249
돌곶이역	6호선		37.610537	127.056431
동구릉역	8호선		37.61105	127.13793
동대문역	1호선, 4호선		37.571687	127.01093
동대문역사문화공원역	2호선, 4호선, 5호선		37.565613	127.009054
동대입구역	3호선		37.559052	127.005602
동두천역	1호선		37.927878	127.05479
동두천중앙역	1호선		37.901885	127.056482
동묘앞역	1호선, 6호선		37.573197	127.01648
동암역	1호선		37.471408	126.702896
동인천역	1호선		37.475276	126.632802
동작역	4호선, 9호선		37.502852	126.980347
두정역	1호선		36.833705	127.14896
둔촌동역	5호선		37.527788	127.136248
둔촌오륜역	9호선		37.519683	127.137989
등촌역	9호선		37.550632	126.865689
디지털미디어시티역	6호선		37.576108	126.901391
뚝섬역	2호선		37.547184	127.047367
마곡역	5호선		37.560183	126.825448
마곡나루역	9호선		37.566778	126.82731
마두역	3호선		37.652206	126.77762
마들역	7호선		37.66494	127.057675
마장역	5호선		37.5661	127.042973
마천역	5호선		37.49499	127.152781
마포역	5호선		37.539574	126.945932
마포구청역	6호선		37.563515	126.903343
망원역	6호선		37.556094	126.910052
망월사역	1호선		37.709914	127.047455
매봉역	3호선		37.486947	127.046769
먹골역	7호선		37.610637	127.077725
면목역	7호선		37.588579	127.087503
명동역	4호선		37.560989	126.986325
명일역	5호선		37.55137	127.143999
명학역	1호선		37.384653	126.935433
모란역	8호선		37.433824	127.129837
목동역	5호선		37.526065	126.864931
몽촌토성역	8호선		37.517409	127.112359
무악재역	3호선		37.582299	126.950291
문래역	2호선		37.517933	126.89476
문정역	8호선		37.485855	127.1225
미사역	5호선		37.560927	127.193877
미아역	4호선		37.62667	127.025983
미아사거리역	4호선		37.613292	127.030053
반월역	4호선		37.312212	126.903524
반포역	7호선		37.508178	127.011727
발산역	5호선		37.558598	126.837668
방배역	2호선		37.481426	126.997596
방이역	5호선		37.508857	127.126133
방학역	1호선		37.667503	127.044273
방화역	5호선		37.577446	126.812741
배방역	1호선		36.777629	127.052991
백석역	3호선		37.643114	126.78787
백운역	1호선		37.483664	126.707704
버티고개역	6호선		37.548013	127.007055
범계역	4호선		37.389793	126.950806
별내역	8호선		37.64232	127.1276
별내별가람역	4호선		37.66778	127.11581
병점역	1호선		37.207503	127.032731
보라매역	7호선		37.499872	126.920428
보문역	6호선		37.585274	127.019351
보산역	1호선		37.913702	127.057277
복정역	8호선		37.471052	127.126732
봉명역	1호선		36.801215	127.135763
봉은사역	9호선		37.514219	127.060245
봉천역	2호선		37.482362	126.941892
봉화산역	6호선		37.617283	127.091401
부개역	1호선		37.488418	126.74109
부천역	1호선		37.48405	126.782686
부천시청역	7호선		37.504631	126.763538
부천종합운동장역	7호선		37.50538	126.797337
부평역	1호선		37.489445	126.724506
부평구청역	7호선		37.507394	126.721599
불광역	3호선, 6호선		37.610553	126.92982
불암산역	4호선		37.670272	127.079066
사가정역	7호선		37.580894	127.088478
사당역	2호선, 4호선		37.476538	126.981544
사평역	9호선		37.504206	127.015259
산곡역	7호선		37.5086	126.7035277
산본역	4호선		37.358101	126.933274
산성역	8호선		37.457122	127.149908
삼각지역	4호선, 6호선		37.534075	126.9726
삼산체육관역	7호선		37.506411	126.742153
삼성역	2호선		37.508844	127.06316
삼성중앙역	9호선		37.513011	127.053282
삼송역	3호선		37.653083	126.895558
삼전역	9호선		37.504738	127.088025
상계역	4호선		37.660878	127.073572
상도역	7호선		37.502834	126.94791
상동역	7호선		37.505781	126.753083
상록수역	4호선		37.302795	126.866489
상봉역	7호선		37.595577	127.085716
상수역	6호선		37.547716	126.922852
상왕십리역	2호선		37.564354	127.029354
상월곡역	6호선		37.606377	127.048491
상일동역	5호선		37.556712	127.166417
새절역	6호선		37.591148	126.913629
샛강역	9호선		37.517274	126.928422
서대문역	5호선		37.565773	126.966641
서동탄역	1호선		37.195504	127.051672
서울대입구역	2호선		37.481247	126.952739
서울역	1호선, 4호선		37.556228	126.972135
서정리역	1호선		37.056496	127.052819
서초역	2호선		37.491897	127.007917
석계역	1호선, 6호선		37.614532	127.065934
석남역	7호선		37.5062285	126.6762813
석수역	1호선		37.435047	126.902295
석촌역	8호선, 9호선		37.505557	127.106832
석촌고분역	9호선		37.502558	127.097033
선릉역	2호선		37.504286	127.048203
선바위역	4호선		37.451673	127.002303
선유도역	9호선		37.53802	126.893525
선정릉역	9호선		37.510297	127.043999
성균관대역	1호선		37.300349	126.97075
성수역	2호선		37.544581	127.055961
성신여대입구역	4호선		37.592612	127.016441
성환역	1호선		36.916076	127.126964
세류역	1호선		37.245025	127.013222
세마역	1호선		37.187533	127.04318
소사역	1호선		37.482753	126.79544
소요산역	1호선		37.9481	127.061034
송내역	1호선		37.4876	126.753664
송정역	5호선		37.561184	126.811973
송탄역	1호선		37.075696	127.054301
송파역	8호선		37.499703	127.112183
송파나루역	9호선		37.510372	127.112216
수락산역	7호선		37.67785	127.055315
수리산역	4호선		37.349801	126.925365
수서역	3호선		37.487378	127.101907
수원역	1호선		37.266348	126.999561
수유역	4호선		37.638052	127.025732
수진역	8호선		37.437428	127.140722
숙대입구역	4호선		37.54456	126.972106
숭실대입구역	7호선		37.496029	126.953822
시청역	1호선, 2호선		37.565715	126.977088
신금호역	5호선		37.554548	127.020331
신길역	1호선, 5호선		37.516862	126.917865
신길온천역	4호선		37.338212	126.765844
신내역	6호선		37.613174	127.102231
신논현역	9호선		37.504598	127.02506
신답역	2호선		37.57004	127.046481
신당역	2호선, 6호선		37.56564	127.019614
신대방역	2호선		37.487462	126.913149
신대방삼거리역	7호선		37.499701	126.928276
신도림역	1호선, 2호선		37.508787	126.891144
신림역	2호선		37.484201	126.929715
신목동역	9호선		37.544277	126.88308
신반포역	9호선		37.503415	126.995925
신방화역	9호선		37.567532	126.816601
신사역	3호선		37.516334	127.020114
신설동역	1호선, 2호선		37.576048	127.024634
신용산역	4호선		37.52917	126.967894
신이문역	1호선		37.601854	127.067325
신정역	5호선		37.524997	126.856191
신정네거리역	2호선		37.520074	126.852912
신중동역	7호선		37.503048	126.77596
신창역	1호선		36.769502	126.951108
신촌역	2호선		37.555131	126.936926
신풍역	7호선		37.50008	126.90993
신흥역	8호선		37.440918	127.147564
쌍문역	4호선		37.648627	127.034709
쌍용역	1호선		36.793759	127.1214
아산역	1호선		36.792053	127.104361
아차산역	5호선		37.551691	127.089761
아현역	2호선		37.557345	126.956141
안국역	3호선		37.576477	126.985443
안산역	4호선		37.327082	126.788532
안암역	6호선		37.586272	127.029005
안양역	1호선		37.401592	126.922874
암사역	8호선		37.55021	127.127562
암사역사공원역	8호선		37.55695	127.13702
압구정역	3호선		37.527072	127.028461
애오개역	5호선		37.553736	126.95682
약수역	3호선, 6호선		37.554867	127.010541
양재역	3호선		37.484477	127.033902
양주역	1호선		37.774381	127.044708
양천구청역	2호선		37.512398	126.865819
양천향교역	9호선		37.568381	126.841333
양평역	5호선		37.525569	126.886129
어린이대공원역	7호선		37.548014	127.074658
언주역	9호선		37.507287	127.033868
여의나루역	5호선		37.527098	126.932901
여의도역	5호선, 9호선		37.521747	126.924357
역곡역	1호선		37.485178	126.811502
역삼역	2호선		37.500622	127.036456
역촌역	6호선		37.606021	126.922744
연신내역	3호선, 6호선		37.619229	126.921038
연천역	1호선		38.10073	127.07372
염창역	9호선		37.546936	126.874916
영등포역	1호선		37.515504	126.907628
영등포구청역	2호선, 5호선		37.525706	126.89661
영등포시장역	5호선		37.522669	126.905139
오금역	3호선, 5호선		37.502129	127.128319
오남역	4호선		37.705	127.19281
오류동역	1호선		37.494526	126.845365
오목교역	5호선		37.524496	126.875181
오산역	1호선		37.145885	127.06672
오산대역	1호선		37.168953	127.063197
오이도역	4호선		37.362357	126.738714
옥수역	3호선		37.541684	127.017269
온수역	1호선, 7호선		37.492433	126.824086
온양온천역	1호선		36.780483	127.003249
올림픽공원역	5호선, 9호선		37.516201	127.130923
왕십리역	2호선, 5호선		37.561238	127.036954
외대앞역	1호선		37.596073	127.063549
용답역	2호선		37.561904	127.050899
용두역	2호선		37.574028	127.038091
용마산역	7호선		37.573647	127.086727
용산역	1호선		37.529849	126.964561
우장산역	5호선		37.548768	126.836318
원당역	3호선		37.653324	126.843041
원흥역	3호선		37.650658	126.872642
월계역	1호선		37.633212	127.058831
월곡역	6호선		37.601948	127.041518
월드컵경기장역	6호선		37.569532	126.899298
을지로3가역	2호선, 3호선		37.566306	126.991696
을지로4가역	2호선, 5호선		37.566595	126.997817
을지로입구역	2호선		37.566014	126.982618
응암역	6호선		37.598605	126.915577
의왕역	1호선		37.320852	126.948217
의정부역	1호선		37.738415	127.045958
이대역	2호선		37.556733	126.946013
이촌역	4호선		37.522295	126.974733
이태원역	6호선		37.534488	126.994302
인덕원역	4호선		37.401553	126.976715
인천역	1호선		37.476079	126.616801
일원역	3호선		37.483681	127.08439
자양역	7호선		37.53154	127.066704
잠실역	2호선, 8호선		37.513262	127.100159
잠실나루역	2호선		37.520733	127.10379
잠실새내역	2호선		37.511687	127.086162
잠원역	3호선		37.512759	127.01122
장승배기역	7호선		37.504898	126.93915
장암역	7호선		37.700109	127.053196
장자호수공원역	8호선		37.58738	127.13794
장지역	8호선		37.478703	127.126191
장한평역	5호선		37.56144	127.064623
전곡역	1호선		38.02458	127.0718
정발산역	3호선		37.659477	126.773359
정부과천청사역	4호선		37.426513	126.98978
정왕역	4호선		37.351735	126.742989
제기동역	1호선		37.578103	127.034893
제물포역	1호선		37.466769	126.656666
종각역	1호선		37.570161	126.982923
종로3가역	1호선, 3호선, 5호선		37.570406	126.991847
종로5가역	1호선		37.570926	127.001849
종합운동장역	2호선, 9호선		37.511022	127.073704
주안역	1호선		37.465047	126.679742
주엽역	3호선		37.670072	126.761334
중계역	7호선		37.644583	127.064303
중곡역	7호선		37.565923	127.08432
중동역	1호선		37.486562	126.764843
중앙역	4호선		37.315941	126.838573
중앙보훈병원역	9호선		37.529191	127.148739
중화역	7호선		37.602545	127.079264
증미역	9호선		37.557402	126.861939
증산역	6호선		37.583876	126.909645
지축역	3호선		37.648033	126.913917
지행역	1호선		37.892334	127.055716
직산역	1호선		36.870593	127.143904
진위역	1호선		37.109447	127.062278
진접역	4호선		37.7205	127.2034
창동역	1호선, 4호선		37.653088	127.047274
창신역	6호선		37.579661	127.015241
천안역	1호선		36.810005	127.146826
천왕역	7호선		37.486637	126.838713
천호역	5호선, 8호선		37.53864	127.123308
철산역	7호선		37.47605	126.867911
청구역	5호선, 6호선		37.560276	127.013639
청담역	7호선		37.519365	127.05335
청량리역	1호선		37.579956	127.044585
청산역	1호선		37.98172	127.06912
초지역	4호선		37.320646	126.805913
총신대입구(이수)역	4호선, 7호선		37.486263	126.981989
춘의역	7호선		37.503663	126.787036
충무로역	3호선, 4호선		37.56143	126.994072
충정로역	2호선, 5호선		37.559704	126.964378
탕정역	1호선		36.78866	127.08485
태릉입구역	6호선, 7호선		37.617338	127.074735
평촌역	4호선		37.394287	126.963883
평택역	1호선		36.990726	127.085159
평택지제역	1호선		37.0188	127.070444
하계역	7호선		37.636352	127.06799
하남검단산역	5호선		37.53972	127.22345
하남시청역	5호선		37.54205	127.20612
하남풍산역	5호선		37.552034	127.203864
학동역	7호선		37.514229	127.031656
학여울역	3호선		37.496663	127.070594
한강진역	6호선		37.539631	127.001725
한대앞역	4호선		37.309689	126.85344
한성대입구역	4호선		37.588458	127.006221
한성백제역	9호선		37.516404	127.116503
한양대역	2호선		37.555273	127.043655
합정역	2호선, 6호선		37.549457	126.913808
행당역	5호선		37.557322	127.029476
혜화역	4호선		37.582336	127.001844
홍대입구역	2호선		37.55679	126.923708
홍제역	3호선		37.589066	126.943736
화곡역	5호선		37.541513	126.840461
화랑대역	6호선		37.620064	127.084689
화서역	1호선		37.283862	126.989627
화정역	3호선		37.634592	126.83265
회기역	1호선		37.58946	127.057583
회룡역	1호선		37.724416	127.04736
회현역	4호선		37.558514	126.978246
효창공원앞역	6호선		37.539233	126.961384
흑석역	9호선		37.50877	126.963708
